text,category,text_length
Economic indicators suggest strong growth in manufacturing sector according to sources,business,86
Stock market reaches new highs as investors remain optimistic this week,business,71
Stock market reaches new highs as investors remain optimistic,business,61
Economic indicators suggest strong growth in manufacturing sector recently,business,74
Economic indicators suggest strong growth in manufacturing sector this week,business,75
Economic indicators suggest strong growth in manufacturing sector,business,65
Economic indicators suggest strong growth in manufacturing sector,business,65
Company reports record quarterly profits exceeding expectations according to sources,business,84
Company reports record quarterly profits exceeding expectations recently,business,72
Stock market reaches new highs as investors remain optimistic today,business,67
Company reports record quarterly profits exceeding expectations,business,63
Stock market reaches new highs as investors remain optimistic today,business,67
Economic indicators suggest strong growth in manufacturing sector this week,business,75
Economic indicators suggest strong growth in manufacturing sector recently,business,74
Economic indicators suggest strong growth in manufacturing sector this week,business,75
Economic indicators suggest strong growth in manufacturing sector according to sources,business,86
Stock market reaches new highs as investors remain optimistic this week,business,71
Stock market reaches new highs as investors remain optimistic this week,business,71
Economic indicators suggest strong growth in manufacturing sector,business,65
Stock market reaches new highs as investors remain optimistic recently,business,70
Stock market reaches new highs as investors remain optimistic according to sources,business,82
Company reports record quarterly profits exceeding expectations recently,business,72
Company reports record quarterly profits exceeding expectations today,business,69
Company reports record quarterly profits exceeding expectations,business,63
Company reports record quarterly profits exceeding expectations according to sources,business,84
Economic indicators suggest strong growth in manufacturing sector according to sources,business,86
Economic indicators suggest strong growth in manufacturing sector according to sources,business,86
Stock market reaches new highs as investors remain optimistic this week,business,71
Company reports record quarterly profits exceeding expectations today,business,69
Company reports record quarterly profits exceeding expectations according to sources,business,84
Company reports record quarterly profits exceeding expectations recently,business,72
Company reports record quarterly profits exceeding expectations,business,63
Economic indicators suggest strong growth in manufacturing sector recently,business,74
Company reports record quarterly profits exceeding expectations according to sources,business,84
Company reports record quarterly profits exceeding expectations recently,business,72
Company reports record quarterly profits exceeding expectations according to sources,business,84
Company reports record quarterly profits exceeding expectations according to sources,business,84
Stock market reaches new highs as investors remain optimistic,business,61
Stock market reaches new highs as investors remain optimistic recently,business,70
Economic indicators suggest strong growth in manufacturing sector,business,65
Company reports record quarterly profits exceeding expectations today,business,69
Stock market reaches new highs as investors remain optimistic today,business,67
Stock market reaches new highs as investors remain optimistic,business,61
Stock market reaches new highs as investors remain optimistic today,business,67
Economic indicators suggest strong growth in manufacturing sector today,business,71
Stock market reaches new highs as investors remain optimistic according to sources,business,82
Economic indicators suggest strong growth in manufacturing sector this week,business,75
Economic indicators suggest strong growth in manufacturing sector today,business,71
Economic indicators suggest strong growth in manufacturing sector this week,business,75
Stock market reaches new highs as investors remain optimistic this week,business,71
New blockbuster movie breaks opening weekend box office records recently,entertainment,72
Award ceremony celebrates outstanding achievements in film industry recently,entertainment,76
New blockbuster movie breaks opening weekend box office records according to sources,entertainment,84
Award ceremony celebrates outstanding achievements in film industry today,entertainment,73
Celebrity announces upcoming concert tour dates across the country today,entertainment,72
Award ceremony celebrates outstanding achievements in film industry,entertainment,67
Award ceremony celebrates outstanding achievements in film industry according to sources,entertainment,88
Celebrity announces upcoming concert tour dates across the country this week,entertainment,76
Award ceremony celebrates outstanding achievements in film industry today,entertainment,73
Award ceremony celebrates outstanding achievements in film industry,entertainment,67
Award ceremony celebrates outstanding achievements in film industry this week,entertainment,77
New blockbuster movie breaks opening weekend box office records,entertainment,63
Celebrity announces upcoming concert tour dates across the country this week,entertainment,76
New blockbuster movie breaks opening weekend box office records recently,entertainment,72
Celebrity announces upcoming concert tour dates across the country according to sources,entertainment,87
New blockbuster movie breaks opening weekend box office records this week,entertainment,73
Award ceremony celebrates outstanding achievements in film industry today,entertainment,73
New blockbuster movie breaks opening weekend box office records according to sources,entertainment,84
Celebrity announces upcoming concert tour dates across the country,entertainment,66
Award ceremony celebrates outstanding achievements in film industry,entertainment,67
Award ceremony celebrates outstanding achievements in film industry this week,entertainment,77
New blockbuster movie breaks opening weekend box office records according to sources,entertainment,84
New blockbuster movie breaks opening weekend box office records this week,entertainment,73
Award ceremony celebrates outstanding achievements in film industry according to sources,entertainment,88
Celebrity announces upcoming concert tour dates across the country recently,entertainment,75
New blockbuster movie breaks opening weekend box office records today,entertainment,69
New blockbuster movie breaks opening weekend box office records according to sources,entertainment,84
Celebrity announces upcoming concert tour dates across the country this week,entertainment,76
Celebrity announces upcoming concert tour dates across the country according to sources,entertainment,87
New blockbuster movie breaks opening weekend box office records today,entertainment,69
New blockbuster movie breaks opening weekend box office records today,entertainment,69
Award ceremony celebrates outstanding achievements in film industry today,entertainment,73
New blockbuster movie breaks opening weekend box office records today,entertainment,69
Award ceremony celebrates outstanding achievements in film industry this week,entertainment,77
New blockbuster movie breaks opening weekend box office records,entertainment,63
New blockbuster movie breaks opening weekend box office records this week,entertainment,73
Celebrity announces upcoming concert tour dates across the country according to sources,entertainment,87
Award ceremony celebrates outstanding achievements in film industry this week,entertainment,77
Celebrity announces upcoming concert tour dates across the country today,entertainment,72
New blockbuster movie breaks opening weekend box office records today,entertainment,69
Celebrity announces upcoming concert tour dates across the country according to sources,entertainment,87
Celebrity announces upcoming concert tour dates across the country recently,entertainment,75
Award ceremony celebrates outstanding achievements in film industry today,entertainment,73
New blockbuster movie breaks opening weekend box office records today,entertainment,69
New blockbuster movie breaks opening weekend box office records this week,entertainment,73
New blockbuster movie breaks opening weekend box office records recently,entertainment,72
Celebrity announces upcoming concert tour dates across the country according to sources,entertainment,87
Celebrity announces upcoming concert tour dates across the country,entertainment,66
New blockbuster movie breaks opening weekend box office records today,entertainment,69
Award ceremony celebrates outstanding achievements in film industry recently,entertainment,76
Parliament debates new legislation on healthcare reform according to sources,politics,76
Election polls show tight race between leading candidates according to sources,politics,78
Government announces new policy changes affecting taxation this week,politics,68
Government announces new policy changes affecting taxation today,politics,64
Government announces new policy changes affecting taxation,politics,58
Election polls show tight race between leading candidates this week,politics,67
Government announces new policy changes affecting taxation today,politics,64
Parliament debates new legislation on healthcare reform according to sources,politics,76
Government announces new policy changes affecting taxation,politics,58
Government announces new policy changes affecting taxation according to sources,politics,79
Government announces new policy changes affecting taxation according to sources,politics,79
Government announces new policy changes affecting taxation recently,politics,67
Government announces new policy changes affecting taxation this week,politics,68
Government announces new policy changes affecting taxation according to sources,politics,79
Parliament debates new legislation on healthcare reform today,politics,61
Government announces new policy changes affecting taxation recently,politics,67
Parliament debates new legislation on healthcare reform this week,politics,65
Parliament debates new legislation on healthcare reform today,politics,61
Election polls show tight race between leading candidates recently,politics,66
Government announces new policy changes affecting taxation according to sources,politics,79
Election polls show tight race between leading candidates today,politics,63
Parliament debates new legislation on healthcare reform recently,politics,64
Parliament debates new legislation on healthcare reform according to sources,politics,76
Parliament debates new legislation on healthcare reform,politics,55
Government announces new policy changes affecting taxation today,politics,64
Parliament debates new legislation on healthcare reform this week,politics,65
Government announces new policy changes affecting taxation this week,politics,68
Election polls show tight race between leading candidates today,politics,63
Government announces new policy changes affecting taxation today,politics,64
Election polls show tight race between leading candidates according to sources,politics,78
Election polls show tight race between leading candidates this week,politics,67
Election polls show tight race between leading candidates today,politics,63
Government announces new policy changes affecting taxation today,politics,64
Parliament debates new legislation on healthcare reform recently,politics,64
Election polls show tight race between leading candidates recently,politics,66
Election polls show tight race between leading candidates this week,politics,67
Parliament debates new legislation on healthcare reform today,politics,61
Parliament debates new legislation on healthcare reform according to sources,politics,76
Parliament debates new legislation on healthcare reform,politics,55
Government announces new policy changes affecting taxation this week,politics,68
Parliament debates new legislation on healthcare reform today,politics,61
Government announces new policy changes affecting taxation this week,politics,68
Election polls show tight race between leading candidates,politics,57
Government announces new policy changes affecting taxation this week,politics,68
Government announces new policy changes affecting taxation recently,politics,67
Parliament debates new legislation on healthcare reform today,politics,61
Government announces new policy changes affecting taxation today,politics,64
Parliament debates new legislation on healthcare reform according to sources,politics,76
Parliament debates new legislation on healthcare reform this week,politics,65
Government announces new policy changes affecting taxation today,politics,64
Championship final draws record television audience worldwide according to sources,sport,82
Athlete breaks long-standing world record in spectacular fashion,sport,64
Athlete breaks long-standing world record in spectacular fashion,sport,64
Athlete breaks long-standing world record in spectacular fashion this week,sport,74
Championship final draws record television audience worldwide,sport,61
Championship final draws record television audience worldwide today,sport,67
Athlete breaks long-standing world record in spectacular fashion,sport,64
Team secures victory in crucial playoff match advancing to finals this week,sport,75
Championship final draws record television audience worldwide according to sources,sport,82
Team secures victory in crucial playoff match advancing to finals,sport,65
Championship final draws record television audience worldwide today,sport,67
Team secures victory in crucial playoff match advancing to finals recently,sport,74
Championship final draws record television audience worldwide recently,sport,70
Team secures victory in crucial playoff match advancing to finals recently,sport,74
Team secures victory in crucial playoff match advancing to finals recently,sport,74
Team secures victory in crucial playoff match advancing to finals recently,sport,74
Team secures victory in crucial playoff match advancing to finals this week,sport,75
Athlete breaks long-standing world record in spectacular fashion recently,sport,73
Athlete breaks long-standing world record in spectacular fashion today,sport,70
Championship final draws record television audience worldwide today,sport,67
Team secures victory in crucial playoff match advancing to finals,sport,65
Athlete breaks long-standing world record in spectacular fashion recently,sport,73
Team secures victory in crucial playoff match advancing to finals recently,sport,74
Championship final draws record television audience worldwide,sport,61
Athlete breaks long-standing world record in spectacular fashion today,sport,70
Championship final draws record television audience worldwide according to sources,sport,82
Championship final draws record television audience worldwide according to sources,sport,82
Team secures victory in crucial playoff match advancing to finals according to sources,sport,86
Athlete breaks long-standing world record in spectacular fashion recently,sport,73
Team secures victory in crucial playoff match advancing to finals this week,sport,75
Championship final draws record television audience worldwide recently,sport,70
Team secures victory in crucial playoff match advancing to finals,sport,65
Athlete breaks long-standing world record in spectacular fashion recently,sport,73
Athlete breaks long-standing world record in spectacular fashion today,sport,70
Athlete breaks long-standing world record in spectacular fashion this week,sport,74
Championship final draws record television audience worldwide today,sport,67
Championship final draws record television audience worldwide according to sources,sport,82
Championship final draws record television audience worldwide according to sources,sport,82
Athlete breaks long-standing world record in spectacular fashion,sport,64
Athlete breaks long-standing world record in spectacular fashion this week,sport,74
Team secures victory in crucial playoff match advancing to finals according to sources,sport,86
Championship final draws record television audience worldwide recently,sport,70
Athlete breaks long-standing world record in spectacular fashion this week,sport,74
Championship final draws record television audience worldwide this week,sport,71
Athlete breaks long-standing world record in spectacular fashion recently,sport,73
Championship final draws record television audience worldwide recently,sport,70
Championship final draws record television audience worldwide today,sport,67
Championship final draws record television audience worldwide today,sport,67
Athlete breaks long-standing world record in spectacular fashion recently,sport,73
Championship final draws record television audience worldwide recently,sport,70
New smartphone features advanced camera technology and longer battery life today,tech,80
Revolutionary artificial intelligence breakthrough announced by researchers,tech,75
Revolutionary artificial intelligence breakthrough announced by researchers,tech,75
Tech company unveils innovative software platform for businesses,tech,64
New smartphone features advanced camera technology and longer battery life,tech,74
Tech company unveils innovative software platform for businesses this week,tech,74
New smartphone features advanced camera technology and longer battery life this week,tech,84
Revolutionary artificial intelligence breakthrough announced by researchers today,tech,81
Revolutionary artificial intelligence breakthrough announced by researchers according to sources,tech,96
Revolutionary artificial intelligence breakthrough announced by researchers today,tech,81
New smartphone features advanced camera technology and longer battery life according to sources,tech,95
Revolutionary artificial intelligence breakthrough announced by researchers according to sources,tech,96
New smartphone features advanced camera technology and longer battery life recently,tech,83
Revolutionary artificial intelligence breakthrough announced by researchers according to sources,tech,96
Revolutionary artificial intelligence breakthrough announced by researchers,tech,75
Tech company unveils innovative software platform for businesses recently,tech,73
New smartphone features advanced camera technology and longer battery life,tech,74
New smartphone features advanced camera technology and longer battery life according to sources,tech,95
Tech company unveils innovative software platform for businesses recently,tech,73
New smartphone features advanced camera technology and longer battery life this week,tech,84
New smartphone features advanced camera technology and longer battery life today,tech,80
Revolutionary artificial intelligence breakthrough announced by researchers,tech,75
Tech company unveils innovative software platform for businesses recently,tech,73
Revolutionary artificial intelligence breakthrough announced by researchers according to sources,tech,96
Tech company unveils innovative software platform for businesses according to sources,tech,85
New smartphone features advanced camera technology and longer battery life this week,tech,84
Revolutionary artificial intelligence breakthrough announced by researchers today,tech,81
Revolutionary artificial intelligence breakthrough announced by researchers this week,tech,85
Tech company unveils innovative software platform for businesses,tech,64
Tech company unveils innovative software platform for businesses today,tech,70
Revolutionary artificial intelligence breakthrough announced by researchers recently,tech,84
Tech company unveils innovative software platform for businesses according to sources,tech,85
Revolutionary artificial intelligence breakthrough announced by researchers,tech,75
Tech company unveils innovative software platform for businesses recently,tech,73
Revolutionary artificial intelligence breakthrough announced by researchers this week,tech,85
New smartphone features advanced camera technology and longer battery life this week,tech,84
Tech company unveils innovative software platform for businesses today,tech,70
New smartphone features advanced camera technology and longer battery life,tech,74
New smartphone features advanced camera technology and longer battery life recently,tech,83
New smartphone features advanced camera technology and longer battery life recently,tech,83
Tech company unveils innovative software platform for businesses today,tech,70
Tech company unveils innovative software platform for businesses according to sources,tech,85
New smartphone features advanced camera technology and longer battery life,tech,74
New smartphone features advanced camera technology and longer battery life,tech,74
Tech company unveils innovative software platform for businesses,tech,64
Revolutionary artificial intelligence breakthrough announced by researchers,tech,75
Revolutionary artificial intelligence breakthrough announced by researchers today,tech,81
New smartphone features advanced camera technology and longer battery life,tech,74
Revolutionary artificial intelligence breakthrough announced by researchers this week,tech,85
Revolutionary artificial intelligence breakthrough announced by researchers this week,tech,85
